elo_rank,change,player_name,WebsiteId,elo,elo_change,player_ioc,age,elo_hard,elo_hard_rank,elo_grass,elo_grass_rank,elo_clay,elo_clay_rank,elo_serve,elo_serve_rank,elo_return,elo_return_rank,official_points,official_rank,tourney_name,round,win_loss
1,0,Iga Swiatek,7e0fb,2159,-3,POL,22.5,2225,1,1766,9,2192,1,1696,1,1693,1,9505,1,,,
2,0,Cori Gauff,7f38f,2036,-2,USA,19.8,2135,2,1723,18,1941,6,1636,9,1640,5,6690,3,,,
3,0,Aryna Sabalenka,7d9f0,2029,-3,BLR,25.6,2098,4,1826,7,2033,2,1673,3,1588,19,9050,2,,,
4,0,Jessica Pegula,7aac4,2028,-2,USA,29.8,2116,3,1707,21,1874,13,1637,8,1644,4,6180,5,,,
5,0,Elena Rybakina,7dba5,1990,-2,KAZ,24.5,2062,5,1862,4,1915,7,1685,2,1564,42,6366,4,,,
6,0,Karolina Muchova,7d830,1949,-4,CZE,27.3,2051,6,1613,53,1962,4,1637,7,1607,10,3650,9,,,
7,0,Ons Jabeur,7aabc,1944,-2,TUN,29.3,1945,14,1903,2,2015,3,1577,43,1594,13,4260,6,,,
8,0,Marketa Vondrousova,7db8a,1944,-1,CZE,24.5,1945,15,1820,8,1838,21,1617,18,1650,3,4046,7,,,
9,0,Qinwen Zheng,7f334,1933,-2,CHN,21.2,2012,7,NA,NA,1860,17,1635,10,1573,31,2770,14,,,
10,0,Mirra Andreeva,88ab7,1896,-2,RUS,16.6,1816,46,NA,NA,1796,30,1633,11,1593,14,1060,58,,,
11,0,Beatriz Haddad Maia,7b982,1884,-1,BRA,27.5,1906,22,1766,10,1891,10,1620,15,1544,76,2940,11,,,
12,0,Belinda Bencic,7aae9,1881,-3,SUI,26.8,1982,10,1715,20,1867,15,1630,13,1552,61,2572,19,,,
13,0,Liudmila Samsonova,7da53,1878,-2,RUS,25.1,1996,8,1619,51,1643,105,1633,12,1560,51,2760,15,,,
14,0,Madison Keys,7a773,1875,-2,USA,28.8,1919,20,1873,3,1771,40,1644,6,1583,23,2818,13,,,
15,0,Barbora Krejcikova,7b98c,1872,-1,CZE,28.0,1988,9,1676,31,1797,29,1621,14,1561,49,2945,10,,,
16,0,Jelena Ostapenko,7ce2d,1870,-2,LAT,26.5,1922,19,1843,5,1794,32,1566,52,1582,24,2830,12,,,
17,0,Daria Kasatkina,7d822,1867,-1,RUS,26.6,1911,21,1741,13,1889,11,1497,158,1626,7,2715,18,,,
18,0,Petra Kvitova,7a710,1864,-3,CZE,33.8,1970,11,1922,1,1726,54,1609,27,1543,77,2715,17,,,
19,0,Veronika Kudermetova,7ba00,1859,-2,RUS,26.6,1900,24,1758,11,1887,12,1594,35,1539,86,2720,16,,,
20,0,Maria Sakkari,7b9b1,1856,-2,GRE,28.4,1954,12,1640,42,1861,16,1612,22,1548,68,3785,8,,,
21,0,Leylah Fernandez,7f0af,1855,-1,CAN,21.3,1941,17,NA,NA,1669,89,1600,33,1564,41,1385,34,,,
22,0,Lesia Tsurenko,7a76f,1849,-2,UKR,34.5,1857,37,1706,22,1896,9,1501,147,1651,2,1451,32,,,
23,0,Ekaterina Alexandrova,7ba34,1846,-2,RUS,29.1,1853,39,1840,6,1795,31,1605,31,1539,88,2075,21,,,
24,0,Paula Badosa,7cea3,1834,-3,ESP,26.1,1901,23,1598,57,1947,5,1609,26,1591,16,947,68,,,
25,0,Elina Svitolina,7aade,1831,-3,UKR,29.3,1884,27,1721,19,1911,8,1611,24,1566,39,1809,25,,,
26,0,Marie Bouzkova,7d65f,1818,-2,CZE,25.4,1864,34,1650,36,1656,94,1584,38,1590,17,1353,36,,,
27,0,Linda Noskova,7f858,1817,-1,CZE,19.1,1878,28,NA,NA,1570,137,1614,20,1542,80,1278,40,,,
28,0,Caroline Garcia,7a76e,1816,-1,FRA,30.2,1877,30,1741,12,1831,22,1668,4,1437,329,2330,20,,,
29,0,Danielle Collins,7ae5d,1813,-1,USA,30.0,1946,13,1454,132,1704,69,1615,19,1572,34,1090,54,,,
30,0,Jasmine Paolini,7ccac,1803,-1,ITA,27.9,1846,41,1435,143,1711,64,1522,107,1562,45,1530,29,,,
31,0,Anastasia Potapova,7de81,1798,-2,RUS,22.7,1785,56,1697,25,1874,14,1506,138,1580,28,1611,28,,,
32,0,Clara Burel,7e0a6,1795,-1,FRA,22.7,1801,51,NA,NA,1780,38,1499,152,1600,12,1081,56,,,
33,0,Marta Kostyuk,7e032,1790,-2,UKR,21.5,1856,38,1610,54,1688,79,1553,66,1562,47,1316,38,,,
34,0,Laura Siegemund,7a7c0,1787,-2,GER,35.8,1848,40,1561,75,1716,59,1606,29,1549,66,814,92,,,
35,0,Sorana Cirstea,7a70a,1784,-1,ROU,33.7,1896,25,1626,47,1666,92,1556,63,1550,63,1800,26,,,
36,0,Ashlyn Krueger,7f6b5,1772,-2,USA,19.6,1783,57,NA,NA,NA,NA,1569,49,1534,96,896,78,,,
37,0,Taylor Townsend,7aecd,1771,-2,USA,27.7,1746,72,1461,129,1756,47,1648,5,1504,163,870,82,,,
38,0,Anhelina Kalinina,7cf63,1771,-1,UKR,26.8,1821,44,1549,83,1799,28,1541,82,1564,43,1630,27,,,
39,0,Elise Mertens,7cb02,1770,-1,BEL,28.1,1862,35,1592,60,1810,26,1529,93,1592,15,1506,30,,,
40,0,Camila Osorio,7dec9,1769,0,COL,22.0,1765,66,1502,110,1780,37,1486,187,1617,8,876,81,,,
41,0,Donna Vekic,7aae3,1767,-1,CRO,27.5,1824,43,1731,16,1724,55,1576,44,1525,109,1905,24,,,
42,0,Petra Martic,7a72d,1765,-1,CRO,32.9,1773,60,1659,35,1847,19,1618,17,1489,202,1264,41,,,
43,0,Katerina Siniakova,7ced5,1764,-1,CZE,27.6,1797,52,1700,24,1754,48,1502,146,1580,27,1162,50,,,
44,0,Sofia Kenin,7d60e,1764,0,USA,25.1,1819,45,1696,26,1716,60,1583,39,1524,113,1334,37,,,
45,1,Sara Sorribes Tormo,7b26b,1757,-1,ESP,27.2,1808,49,1530,93,1769,41,1497,163,1637,6,1126,53,,,
46,-1,Victoria Azarenka,7a6d2,1757,-2,BLR,34.4,1888,26,1694,27,1787,34,1574,45,1586,20,1916,23,,,
47,0,Anastasia Pavlyuchenkova,7a6fb,1756,-2,RUS,32.4,1809,48,1539,89,1845,20,1595,34,1582,25,1045,60,,,
48,0,Camila Giorgi,7aa9d,1755,-1,ITA,32.0,1845,42,1676,30,1709,65,1537,86,1566,38,1089,55,,,
49,0,Emma Navarro,7de1d,1755,-1,USA,22.6,1758,68,NA,NA,1650,99,1551,68,1588,18,1480,31,,,
50,0,Diana Shnaider,7fd96,1754,-1,RUS,19.7,1717,79,NA,NA,1690,77,1550,71,1575,30,785,97,,,
51,0,Anna Kalinskaya,7db7b,1740,-1,RUS,25.0,1750,71,1525,96,1691,75,1554,65,1517,140,887,80,,,
52,0,Xin Yu Wang,7e025,1734,-1,CHN,22.2,1794,53,1586,63,1424,235,1560,56,1532,99,1383,35,,,
53,1,Yulia Putintseva,7a7cd,1733,-1,KAZ,28.9,1786,55,1451,135,1779,39,1549,73,1539,87,1002,63,,,
54,-1,Karolina Pliskova,7a79e,1733,-1,CZE,31.7,1865,33,1688,28,1790,33,1589,36,1527,105,1287,39,,,
55,0,Sloane Stephens,7a751,1731,-1,USA,30.7,1772,62,1539,90,1806,27,1520,113,1565,40,1200,44,,,
56,0,Anett Kontaveit,7b26a,1729,-2,EST,28.0,1939,18,1578,69,1734,50,1568,50,1542,79,NA,NA,,,
57,0,Elisabetta Cocciaretto,7f20a,1729,-1,ITA,22.9,1644,130,NA,NA,1810,25,1526,98,1584,21,1179,47,,,
58,0,Bianca Andreescu,7dd2a,1727,-2,CAN,23.5,1858,36,1550,82,1760,46,1611,23,1521,124,765,100,,,
59,1,Katie Boulter,7cc83,1725,0,GBR,27.4,1702,90,1728,17,NA,NA,1563,54,1570,35,1075,57,,,
60,-1,Martina Trevisan,7ae3a,1725,0,ITA,30.1,1767,65,1223,193,1707,67,1497,159,1557,54,1189,46,,,
61,0,Lin Zhu,7ab9c,1724,0,CHN,29.9,1759,67,1511,105,1504,181,1526,99,1552,62,1420,33,,,
62,0,Caroline Wozniacki,7a6f8,1722,-2,DEN,33.4,1943,16,1735,15,1783,35,1600,32,1605,11,301,256,,,
63,0,Irina Camelia Begu,7a759,1721,-2,ROU,33.3,1711,82,1533,91,1829,23,1541,81,1548,67,888,79,,,
64,0,Shelby Rogers,7a763,1720,-2,USA,31.2,1867,32,1510,107,1633,109,1610,25,1505,162,514,149,,,
65,0,Clara Tauson,7f200,1718,-1,DEN,21.0,1707,87,NA,NA,1761,45,1572,46,1540,83,701,107,,,
66,0,Amanda Anisimova,7e039,1717,-1,USA,22.3,1781,58,1661,33,1854,18,1580,40,1553,59,169,373,,,
67,0,Aliaksandra Sasnovich,7b845,1717,0,BLR,29.7,1780,59,1591,61,1694,73,1513,125,1572,32,831,86,,,
68,0,Elena Gabriela Ruse,7cf49,1714,-1,ROU,26.1,1815,47,1517,103,1670,88,1507,134,1560,50,575,134,,,
69,0,Jennifer Brady,7b8fc,1713,-1,USA,28.7,1871,31,1525,94,1652,98,1619,16,1552,60,324,238,,,
70,0,Peyton Stearns,7f164,1711,0,USA,22.2,1709,84,NA,NA,1782,36,1570,47,1555,56,1168,49,,,
71,1,Kaja Juvan,7dc93,1710,0,SLO,23.1,1700,93,1636,43,1730,52,1558,59,1519,133,707,106,,,
72,-1,Emma Raducanu,7f35e,1709,-1,GBR,21.1,1804,50,1479,122,1586,131,1608,28,1561,48,231,301,,,
73,0,Anna Blinkova,7dbcc,1708,-1,RUS,25.3,1688,101,1628,46,1712,63,1509,132,1492,195,1170,48,,,
74,0,Xiyu Wang,7dfb0,1703,0,CHN,22.7,1698,96,1511,106,1686,80,1606,30,1508,156,937,71,,,
75,0,Magda Linette,7ab87,1702,0,POL,31.8,1773,61,1542,85,1644,103,1523,103,1516,141,1921,22,,,
76,0,Ajla Tomljanovic,7a72c,1701,0,AUS,30.6,1790,54,1736,14,1703,70,1550,69,1569,36,246,292,,,
77,0,Eva Lys,7f08c,1700,-1,GER,21.9,1754,70,NA,NA,1565,143,1507,135,1608,9,557,138,,,
78,0,Ana Bogdan,7ab08,1698,-1,ROU,31.1,1666,112,1642,41,1733,51,1542,78,1524,114,956,66,,,
79,0,Bernarda Pera,7cc77,1681,0,USA,29.0,1665,113,1390,157,1828,24,1524,101,1503,166,943,69,,,
80,1,Viktoria Kuzmova,7d865,1677,0,SVK,25.6,1687,102,1559,76,1577,136,1553,67,1464,280,553,140,,,
81,-1,Vera Zvonareva,7a651,1677,0,RUS,39.3,1734,74,1624,48,1713,62,1512,127,1547,71,273,274,,,
82,0,Yanina Wickmayer,7a70e,1673,0,BEL,34.1,1699,94,1645,39,1525,164,1556,60,1523,117,949,67,,,
83,0,Marina Stakusic,,1666,0,CAN,19.0,1682,107,NA,NA,NA,NA,1526,96,1543,78,270,275,,,
84,0,Lauren Davis,7a770,1664,0,USA,30.2,1733,75,1539,88,1629,116,1502,145,1513,145,935,72,,,
85,0,Garbine Muguruza,7aac5,1663,-1,ESP,30.2,1877,29,1599,56,1762,43,1578,42,1520,129,13,1087,,,
86,0,Rebeka Masarova,7d847,1662,0,ESP,24.4,1685,104,NA,NA,1603,125,1567,51,1462,285,982,65,,,
87,0,Alize Cornet,7a6b3,1662,0,FRA,33.9,1692,99,1647,37,1622,119,1497,162,1526,107,690,109,,,
88,0,Emiliana Arango,7dcea,1661,-1,COL,23.0,1667,111,NA,NA,1490,189,1499,153,1532,100,665,116,,,
89,0,Claire Liu,7db5a,1660,0,USA,23.6,1686,103,1462,127,1718,57,1521,108,1497,182,797,95,,,
90,0,Lucia Bronzetti,7d99b,1659,0,ITA,25.0,1652,122,NA,NA,1705,68,1516,121,1540,84,1137,52,,,
91,0,Varvara Gracheva,7eec3,1658,0,FRA,23.4,1732,76,NA,NA,1569,139,1534,89,1484,215,1248,42,,,
92,0,Magdalena Frech,7cec4,1657,0,POL,26.0,1627,141,1619,50,1647,102,1558,58,1498,177,937,70,,,
93,0,Mayar Sherif,7cba6,1655,-1,EGY,27.6,1539,197,NA,NA,1762,44,1556,61,1472,253,1053,59,,,
94,0,Mirjam Bjorklund,7d965,1647,-1,SWE,25.4,1675,110,NA,NA,1629,113,1556,62,1506,159,460,170,,,
95,0,Julia Riera,7f1fb,1647,0,ARG,21.5,NA,NA,NA,NA,1721,56,1531,90,1550,65,563,137,,,
96,0,Harriet Dart,7cd2f,1647,0,GBR,27.4,1658,118,1633,44,1425,232,1510,131,1535,94,628,120,,,
97,0,Cristina Bucsa,7d6ae,1645,0,ESP,26.0,1724,78,1507,108,1581,133,1463,249,1556,55,1023,61,,,
98,0,Mai Hontama,7df94,1645,0,JPN,24.3,1682,106,NA,NA,NA,NA,1482,199,1584,22,652,119,,,
99,0,Storm Sanders,7b25b,1644,0,AUS,29.3,1646,126,1568,73,1631,111,1518,115,1497,183,440,175,,,
100,0,Tatjana Maria,7d62f,1644,0,GER,36.3,1660,115,1661,34,1669,90,1546,75,1533,98,1215,43,,,
101,0,Ann Li,7df8f,1641,-1,USA,23.5,1711,83,1447,136,NA,NA,1543,77,1517,139,462,167,,,
102,0,Nao Hibino,7ced6,1641,0,JPN,29.0,1663,114,1401,154,1593,130,1479,212,1524,116,799,93,,,
103,0,Caty Mcnally,7dff3,1636,-1,USA,22.1,1694,98,1545,84,1478,201,1514,124,1562,46,517,148,,,
104,0,Hailey Baptiste,7f340,1635,-1,USA,22.1,1622,147,NA,NA,1686,81,1542,79,1507,157,583,129,,,
105,1,Viktorija Golubic,7aeea,1633,0,SUI,31.2,1709,85,1681,29,1432,228,1491,175,1501,172,836,85,,,
106,-1,Caroline Dolehide,7d994,1633,-1,USA,25.3,1734,73,1329,174,1513,173,1561,55,1455,295,1193,45,,,
107,0,Tamara Zidansek,7d99d,1632,0,SLO,26.0,1639,132,1519,102,1742,49,1487,181,1554,58,755,103,,,
108,0,Greet Minnen,7d761,1631,0,BEL,26.3,1648,125,1602,55,1602,126,1520,111,1494,192,999,64,,,
109,0,Rebecca Peterson,7aada,1628,-1,SWE,28.4,1767,64,1329,175,1599,128,1497,160,1520,126,584,128,,,
110,0,Alison Van Uytvanck,7aa95,1627,-1,BEL,29.7,1714,80,1525,95,1537,158,1546,74,1520,125,186,348,,,
111,0,Tamara Korpatsch,7cd69,1625,0,GER,28.6,1653,121,1471,125,1568,142,1488,178,1530,101,847,83,,,
112,0,Elina Avanesyan,7f18d,1624,0,RUS,21.2,1555,188,NA,NA,1713,61,1469,237,1572,33,917,74,,,
113,0,Kaia Kanepi,7a6da,1623,0,EST,38.5,1767,63,1441,138,1629,115,1578,41,1482,225,482,161,,,
114,0,Yue Yuan,7b9b6,1622,-1,CHN,32.5,1655,120,NA,NA,NA,NA,1538,84,1512,146,903,77,,,
115,0,Nuria Parrizas Diaz,7aea7,1621,0,ESP,32.4,1714,81,NA,NA,1615,121,1473,223,1536,91,607,123,,,
116,0,Julia Grabher,7cf46,1621,0,AUT,27.5,1449,252,NA,NA,1694,74,1522,104,1490,201,746,104,,,
117,0,Linda Fruhvirtova,7f812,1616,0,CZE,18.6,1701,92,NA,NA,1475,204,1493,170,1535,93,829,88,,,
118,0,Anna Karolina Schmiedlova,7aeed,1616,0,SVK,29.3,1646,127,1392,156,1655,95,1486,183,1522,119,918,73,,,
119,0,Tatiana Barkova,,1616,0,RUS,20.2,NA,NA,NA,NA,NA,NA,1477,216,1504,164,332,232,,,
120,0,Anna Bondar,7d954,1615,0,HUN,26.5,1540,196,NA,NA,1728,53,1565,53,1469,259,656,118,,,
121,0,Tereza Martincova,7b90c,1615,0,CZE,29.1,1701,91,1552,81,1476,203,1500,149,1495,188,495,156,,,
122,0,Arantxa Rus,7a72f,1615,0,NED,33.0,1595,157,1454,133,1683,82,1537,85,1484,217,1149,51,,,
123,0,Simona Waltert,7df3b,1612,-1,SUI,23.0,1470,242,NA,NA,1632,110,1507,136,1534,97,459,171,,,
124,1,Daria Saville,7a76b,1612,0,AUS,29.8,1728,77,1439,140,1708,66,1549,72,1541,82,366,209,,,
125,-1,Brenda Fruhvirtova,,1611,-1,CZE,16.7,1532,204,NA,NA,NA,NA,1521,110,1558,53,657,117,,,
126,0,Dayana Yastremska,7dbdb,1611,0,UKR,23.6,1659,117,1541,86,1671,87,1516,120,1488,210,767,98,,,
127,0,Jule Niemeier,7df3a,1611,0,GER,24.3,1529,208,1629,45,1650,101,1522,105,1509,154,460,169,,,
128,0,Jil Teichmann,7d5f5,1608,0,SUI,26.4,1708,86,1357,167,1697,72,1480,209,1496,187,581,130,,,
129,0,Alison Riske Amritraj,7a756,1606,-1,USA,33.4,1707,88,1593,59,1539,157,1518,118,1478,242,58,663,,,
130,0,Elizabeth Mandlik,7e001,1606,0,USA,22.6,1563,178,NA,NA,NA,NA,1477,217,1544,75,673,114,,,
131,0,Heather Watson,7a752,1604,0,GBR,31.6,1625,143,1596,58,1451,219,1507,137,1467,268,555,139,,,
132,0,Kayla Day,7dbdd,1603,0,USA,24.2,1563,179,NA,NA,1653,97,1554,64,1466,273,825,89,,,
133,0,Danka Kovinic,7af17,1602,0,MNE,29.1,1556,187,1220,194,1701,71,1462,254,1495,189,503,154,,,
134,0,Varvara Lepchenko,7a6e6,1597,0,USA,37.6,1623,145,1494,115,1655,96,1527,95,1481,229,249,291,,,
135,0,Madison Brengle,7a6eb,1594,0,USA,33.7,1635,135,1489,117,1626,117,1440,298,1580,26,520,147,,,
136,0,Jaqueline Cristian,7cee1,1594,0,ROU,25.5,1639,133,NA,NA,1549,151,1505,140,1479,237,831,87,,,
137,0,Olga Danilovic,7dd09,1594,0,SRB,22.9,1622,146,NA,NA,1672,86,1515,123,1517,137,627,121,,,
138,0,Dalma Galfi,7d66e,1594,0,HUN,25.3,1656,119,1419,147,1470,209,1570,48,1444,317,546,141,,,
139,0,Polina Kudermetova,,1592,0,RUS,20.5,1531,205,NA,NA,NA,NA,1471,230,1529,102,413,187,,,
140,0,Emina Bektas,7cf15,1592,0,USA,30.7,1569,174,1559,77,NA,NA,1612,21,1420,364,820,91,,,
141,0,Nadia Podoroska,7ba28,1591,0,ARG,26.8,1610,153,1512,104,1643,106,1485,193,1491,200,1009,62,,,
142,0,Alycia Parks,7eeed,1589,0,USA,23.0,1644,129,1440,139,1594,129,1529,94,1480,234,838,84,,,
143,0,Louisa Chirico,7ce93,1587,0,USA,27.6,1612,150,1434,144,1578,135,1488,179,1499,174,290,262,,,
144,0,Zhuoxuan Bai,,1587,0,CHN,21.1,1505,221,NA,NA,NA,NA,1498,157,1527,104,820,90,,,
145,0,Yuriko Miyazaki,,1586,0,GBR,28.1,1660,116,NA,NA,NA,NA,1518,116,1517,138,409,189,,,
146,0,Aleksandra Krunic,,1585,0,SRB,30.7,1557,185,1519,101,1765,42,1511,130,1473,251,52,696,,,
147,0,Monica Niculescu,7a708,1584,0,ROU,36.2,1582,166,1577,70,1662,93,1465,248,1547,72,20,952,,,
148,0,Ysaline Bonaventure,7b272,1582,0,BEL,29.3,1699,95,1459,130,1500,184,1492,173,1479,240,403,193,,,
149,0,Sara Bejlek,,1582,0,CZE,17.9,1691,100,NA,NA,NA,NA,1496,165,1555,57,576,132,,,
150,0,Viktoriya Tomova,7ab48,1582,0,BUL,28.8,1628,140,1500,111,1535,159,1462,253,1501,171,906,75,,,
151,0,Sachia Vickery,7aecc,1582,0,USA,28.6,1650,124,1418,148,1521,165,1447,278,1510,151,537,143,,,
152,0,Diane Parry,7f09c,1578,0,FRA,21.3,1471,241,NA,NA,1675,85,1530,92,1463,283,904,76,,,
153,0,Su Wei Hsieh,7a6c4,1577,0,TPE,37.9,1755,69,1581,66,1539,156,1473,222,1559,52,49,717,,,
154,0,Celine Naef,,1576,0,SUI,18.5,NA,NA,NA,NA,NA,NA,1585,37,1494,193,543,142,,,
155,0,Anna Lena Friedsam,7b26f,1574,0,GER,29.9,1627,142,1328,176,1629,112,1523,102,1483,222,590,127,,,
156,0,Shuai Zhang,7a71d,1574,0,CHN,34.9,1705,89,1617,52,1511,176,1478,214,1465,278,310,248,,,
157,0,Kateryna Baindl,7aea6,1573,0,UKR,29.8,1612,149,1342,171,1689,78,1466,245,1510,152,568,135,,,
158,0,Olivia Gadecki,7e0a9,1572,0,AUS,21.6,1567,176,1478,123,NA,NA,1506,139,1469,262,607,124,,,
159,0,Oksana Selekhmeteva,,1572,0,RUS,20.9,1584,165,NA,NA,1481,196,1482,200,1548,69,134,437,,,
160,0,Maria Timofeeva,,1571,0,RUS,20.1,NA,NA,NA,NA,1718,58,1521,109,1535,92,537,145,,,
161,0,Maryna Zanevska,7ab64,1569,0,BEL,30.3,1584,164,1261,188,1668,91,1474,220,1520,128,300,258,,,
162,0,Katie Swan,7dbe2,1569,0,GBR,24.7,1624,144,1399,155,NA,NA,1516,119,1525,110,263,282,,,
163,0,Evgeniya Rodina,7a70c,1569,0,RUS,34.9,1592,161,1622,49,1471,207,1413,346,1491,198,129,447,,,
164,0,Rebecca Marino,7a766,1567,0,CAN,33.0,1630,137,1435,142,1570,138,1544,76,1432,339,449,173,,,
165,0,Erika Andreeva,7fad5,1567,0,RUS,19.5,1651,123,NA,NA,1520,166,1503,144,1503,165,686,111,,,
166,0,Jodie Burrage,7db17,1567,0,GBR,24.5,1485,233,1571,71,NA,NA,1482,203,1484,218,766,99,,,
167,0,Polona Hercog,7a733,1564,0,SLO,32.9,1612,152,1487,118,1679,83,1538,83,1468,267,277,272,,,
168,0,Alexandra Eala,,1563,0,PHI,18.6,1592,160,NA,NA,NA,NA,1468,242,1541,81,416,185,,,
169,0,Katie Volynets,7f111,1563,0,USA,22.0,1685,105,1381,161,1438,223,1470,233,1539,85,701,108,,,
170,0,Yafan Wang,,1560,0,CHN,29.6,1675,109,1496,113,1305,280,1497,161,1466,274,757,102,,,
171,0,Tamira Paszek,7a6e9,1559,0,AUT,33.0,1545,195,1673,32,1532,161,1410,350,1529,103,159,391,,,
172,0,Arianne Hartono,7df9c,1557,0,NED,27.6,1609,154,NA,NA,NA,NA,1481,205,1502,170,507,152,,,
173,0,Lucrezia Stefanini,7da21,1553,0,ITA,25.6,1590,162,NA,NA,1367,267,1451,272,1578,29,593,125,,,
174,0,Fiona Ferro,,1553,0,FRA,26.8,1581,167,1453,134,1650,100,1468,243,1525,112,476,164,,,
175,0,Kimberly Birrell,7d7f8,1553,0,AUS,25.6,1645,128,1257,190,NA,NA,1488,180,1519,132,671,115,,,
176,0,Timea Babos,7a7bd,1551,0,HUN,30.6,1638,134,1406,152,1516,169,1496,168,1445,315,404,192,,,
177,0,Caijsa Wilda Hennemann,7e121,1551,0,SWE,22.7,NA,NA,NA,NA,1601,127,1468,244,1525,111,97,524,,,
178,0,Moyuka Uchijima,7f0e0,1549,0,JPN,22.3,1536,199,NA,NA,1528,163,1499,151,1497,180,454,172,,,
179,0,Eugenie Bouchard,7aaae,1549,0,CAN,29.8,1630,138,1475,124,1691,76,1559,57,1506,160,249,290,,,
180,0,Kamilla Rakhimova,7df20,1546,0,RUS,22.3,1562,180,NA,NA,1635,108,1471,231,1497,181,793,96,,,
181,0,Patricia Maria Tig,7b98f,1544,0,ROU,29.4,1581,168,NA,NA,1639,107,1468,241,1482,226,132,440,,,
182,0,Jana Cepelova,,1541,0,SVK,30.5,1616,148,1492,116,1507,180,1426,327,1512,147,NA,NA,,,
183,0,Katherine Sebov,7da7c,1540,0,CAN,24.9,1547,193,NA,NA,NA,NA,1493,171,1519,131,473,165,,,
184,0,Misaki Doi,7a75b,1538,0,JPN,32.6,1630,139,1498,112,1489,190,1500,150,1464,281,NA,NA,,,
185,0,Fernanda Contreras Gomez,7dade,1538,0,MEX,26.2,1565,177,NA,NA,1458,215,1499,154,1455,297,184,353,,,
186,0,Noma Noha Akugue,,1537,0,GER,20.0,NA,NA,NA,NA,1610,123,1491,174,1480,231,422,182,,,
187,0,Petra Marcinko,835db,1537,0,CRO,18.0,1535,201,NA,NA,1510,177,1500,148,1547,70,429,177,,,
188,0,Harmony Tan,,1537,0,FRA,26.3,1535,202,NA,NA,1518,168,1479,210,1499,175,333,231,,,
189,0,Jana Fett,,1537,0,CRO,27.1,1531,207,1569,72,1480,198,1452,269,1485,214,411,188,,,
190,0,Astra Sharma,,1535,0,AUS,28.3,1528,210,1495,114,1644,104,1511,129,1460,288,592,126,,,
191,0,Rebecca Sramkova,,1535,0,SVK,27.2,1521,214,1409,151,1580,134,1508,133,1450,308,580,131,,,
192,0,Zoe Hives,,1529,0,AUS,27.1,1553,190,NA,NA,NA,NA,1493,172,1488,205,20,952,,,
193,0,Elsa Jacquemot,,1529,0,FRA,20.6,1472,239,NA,NA,1542,152,1459,256,1521,122,428,178,,,
194,0,Bethanie Mattek Sands,7a646,1526,0,USA,38.7,1579,170,1586,64,1607,124,1486,188,1469,260,3,1361,,,
195,0,Oceane Dodin,,1525,0,FRA,27.1,1587,163,1485,120,1559,144,1496,167,1473,252,798,94,,,
196,0,Irina Falconi,,1523,0,USA,33.6,1551,191,1554,80,1556,147,1439,302,1506,161,NA,NA,,,
197,0,Venus Williams,7a40c,1522,0,USA,43.5,1677,108,1645,38,1554,148,1518,117,1476,246,142,419,,,
198,0,Fanny Stollar,,1522,0,HUN,25.1,1508,219,1350,169,1615,120,1522,106,1442,323,288,265,,,
199,0,Carolina Alves,,1522,0,BRA,27.6,1472,240,NA,NA,1568,141,1482,201,1482,224,226,305,,,
200,0,Margarita Gasparyan,,1522,0,RUS,29.3,1696,97,1486,119,1408,247,1481,206,1489,204,NA,NA,,,
201,0,Ekaterina Makarova,,1522,0,RUS,27.8,1633,136,NA,NA,NA,NA,1422,332,1550,64,479,162,,,
202,0,En Shuo Liang,,1520,0,TPE,23.2,1553,189,NA,NA,NA,NA,1474,221,1465,276,278,271,,,
203,0,Jaimee Fourlis,7dc18,1516,0,AUS,24.2,1367,295,1589,62,1541,153,1484,195,1489,203,359,216,,,
204,0,Ana Konjuh,,1514,0,CRO,26.0,1640,131,1579,68,1518,167,1531,91,1452,302,146,412,,,
205,0,Himeno Sakatsume,,1514,0,JPN,22.4,1569,175,NA,NA,NA,NA,1486,184,1534,95,415,186,,,
206,0,Carol Zhao,7aeb3,1514,0,CAN,28.5,1455,251,1520,100,1479,200,1498,155,1430,342,349,226,,,
207,0,Luksika Kumkhum,,1513,0,THA,30.4,1612,151,1520,99,1287,285,1480,207,1496,186,74,603,,,
208,0,Asia Muhammad,,1511,0,USA,32.7,1576,172,1346,170,1402,249,1483,196,1433,334,171,369,,,
209,0,Zeynep Sonmez,,1510,0,TUR,21.6,NA,NA,NA,NA,NA,NA,1463,250,1476,245,478,163,,,
210,0,Na Lae Han,,1507,0,KOR,31.4,1557,186,NA,NA,NA,NA,1433,314,1506,158,209,323,,,
211,0,Su Jeong Jang,7b1e6,1506,0,KOR,28.8,1529,209,NA,NA,NA,NA,1504,142,1488,206,485,159,,,
212,0,Irina Bara,,1505,0,ROU,28.7,1443,258,1379,162,1624,118,1398,362,1520,127,424,181,,,
213,0,Despina Papamichail,7ab4c,1501,0,GRE,30.8,1559,181,NA,NA,1390,257,1482,202,1468,266,361,215,,,
214,0,Sabine Lisicki,7a709,1500,0,GER,34.2,1558,184,1504,109,1559,145,1550,70,1424,354,217,313,,,
215,0,Kateryna Bondarenko,7a6bb,1499,0,UKR,37.3,1593,158,1557,79,1438,224,1447,277,1485,213,270,276,,,
216,0,Katarina Zavatska,7dcda,1495,0,UKR,23.9,1547,192,NA,NA,1479,199,1445,286,1511,148,441,174,,,
217,0,Iryna Shymanovich,,1495,0,BLR,26.5,1478,236,NA,NA,NA,NA,1490,176,1518,135,383,200,,,
218,0,Daria Snigur,7f22e,1495,0,UKR,21.7,1580,169,1530,92,NA,NA,1441,293,1569,37,568,136,,,
219,0,Lesley Pattinama Kerkhove,7b1b6,1493,0,NED,32.1,1531,206,1461,128,1360,270,1496,164,1460,286,332,233,,,
220,0,Maja Chwalinska,,1492,0,POL,22.2,NA,NA,NA,NA,NA,NA,1482,204,1496,184,177,363,,,
221,0,Kristina Kucova,7a740,1492,0,SVK,33.6,1547,194,1382,160,1516,170,1449,276,1483,221,100,514,,,
222,0,Katarzyna Kawa,,1491,0,POL,31.1,1395,280,1582,65,1495,187,1459,255,1487,211,398,197,,,
223,0,Alexandra Cadantu Ignatik,,1487,0,ROU,33.6,1486,232,1316,178,1552,150,1395,368,1522,121,252,288,,,
224,0,Sara Errani,7a702,1485,0,ITA,36.6,1489,231,1309,181,1629,114,1397,365,1515,142,740,105,,,
225,0,Ankita Raina,7b8f6,1480,0,IND,30.9,1518,215,1309,180,1418,240,1423,330,1511,149,354,221,,,
226,0,Aliona Bolsova,7cf9d,1480,0,MDA,26.1,1577,171,NA,NA,1511,175,1445,287,1492,196,461,168,,,
227,0,Nuria Brancaccio,,1480,0,ITA,23.5,NA,NA,NA,NA,1502,183,1451,275,1563,44,379,201,,,
228,0,Marina Bassols Ribera,7dd7d,1479,0,ESP,24.0,1523,212,NA,NA,1475,205,1457,261,1513,144,689,110,,,
229,0,Leolia Jeanjean,7ba31,1479,0,FRA,28.3,1593,159,NA,NA,1614,122,1438,305,1488,209,523,146,,,
230,0,Sinja Kraus,7f429,1479,0,AUT,21.6,1336,310,NA,NA,1468,210,1512,126,1474,247,387,199,,,
231,0,Natalija Stevanovic,,1476,0,SRB,29.4,1314,320,1705,23,1476,202,1488,177,1502,168,417,184,,,
232,0,Jessica Bouzas Maneiro,,1476,0,ESP,21.2,NA,NA,NA,NA,NA,NA,1479,211,1547,73,487,158,,,
233,0,Hanyu Guo,,1476,0,CHN,25.6,1502,224,NA,NA,NA,NA,1446,282,1480,230,140,422,,,
234,0,Renata Voracova,,1476,0,CZE,40.2,1507,220,1301,184,1513,172,1440,300,1418,367,NA,NA,,,
235,0,Miyu Kato,,1476,0,JPN,29.1,1559,182,1269,187,1407,248,1463,251,1452,303,15,1031,,,
236,0,Sonay Kartal,,1473,0,GBR,22.1,NA,NA,NA,NA,NA,NA,1542,80,1522,118,305,252,,,
237,0,Anastasia Gasanova,,1472,0,RUS,24.6,1490,230,NA,NA,1529,162,1426,325,1510,150,124,457,,,
238,0,Priscilla Hon,,1471,0,AUS,25.6,1518,216,1484,121,1413,242,1485,192,1443,321,373,204,,,
239,0,Georgina Garcia Perez,,1470,0,ESP,31.6,1538,198,1350,168,1510,178,1520,112,1376,390,169,376,,,
240,0,Destanee Aiava,,1470,0,AUS,23.6,1510,218,1385,158,NA,NA,1535,88,1424,356,369,206,,,
241,0,Cagla Buyukakcay,7a7a2,1468,0,TUR,34.2,1493,228,1260,189,1539,155,1445,285,1436,332,162,387,,,
242,0,Chloe Paquet,,1466,0,FRA,29.5,1465,246,NA,NA,1470,208,1458,259,1470,258,508,151,,,
243,0,Valeria Savinykh,7aaab,1466,0,RUS,32.8,1559,183,1430,145,1268,287,1484,194,1452,304,511,150,,,
244,0,Jing Jing Lu,,1465,0,CHN,34.6,1494,227,NA,NA,NA,NA,1433,315,1493,194,23,919,,,
245,0,Anastasia Zakharova,,1464,0,RUS,21.9,1571,173,NA,NA,1385,260,1469,238,1498,179,405,190,,,
246,0,Coco Vandeweghe,7a71f,1462,0,USA,32.0,1479,235,1566,74,1539,154,1536,87,1388,386,138,427,,,
247,0,Kristina Mladenovic,7a724,1461,0,FRA,30.6,1596,156,1522,98,1532,160,1386,375,1458,291,320,242,,,
248,0,Selena Janicijevic,,1460,0,FRA,21.4,NA,NA,NA,NA,NA,NA,1503,143,1498,176,338,230,,,
249,0,Paula Ormaechea,,1458,0,ARG,31.2,1420,266,1284,186,1554,149,1388,372,1447,313,150,408,,,
250,0,Francesca Jones,,1458,0,GBR,23.2,1515,217,NA,NA,NA,NA,1469,236,1546,74,235,297,,,
251,0,Deborah Chiesa,,1455,0,ITA,27.5,NA,NA,NA,NA,1482,195,1430,317,1498,178,94,532,,,
252,0,Barbora Strycova,7a676,1454,0,CZE,37.7,1600,155,1580,67,1675,84,1525,100,1510,153,NA,NA,,,
253,0,Vitalia Diatchenko,,1453,0,RUS,33.4,1474,238,1559,78,1458,216,1406,358,1455,296,66,630,,,
254,0,Francisca Jorge,7dfd7,1450,0,POR,23.6,1315,319,NA,NA,NA,NA,1429,318,1425,350,371,205,,,
255,0,Sesil Karatantcheva,,1450,0,KAZ,34.3,1524,211,1371,164,1513,174,1413,345,1444,318,27,877,,,
256,0,Miriam Bianca Bulgaru,,1449,0,ROU,25.2,NA,NA,NA,NA,1485,194,1451,273,1500,173,404,191,,,
257,0,Maileen Nuudi,,1448,0,EST,23.6,NA,NA,NA,NA,NA,NA,1471,228,1479,241,112,477,,,
258,0,Xiaodi You,,1448,0,CHN,27.6,1495,226,NA,NA,1424,233,1439,303,1539,89,344,227,,,
259,0,Maria Mateas,,1446,0,USA,24.4,NA,NA,NA,NA,NA,NA,1495,169,1488,208,257,285,,,
260,0,Robin Montgomery,7f6b1,1446,0,USA,19.3,1499,225,NA,NA,NA,NA,1516,122,1453,300,399,195,,,
261,0,Olga Govortsova,7a6fd,1445,0,BLR,35.3,1482,234,1644,40,1437,225,1469,239,1418,368,NA,NA,,,
262,0,Victoria Jimenez Kasintseva,,1441,0,AND,18.3,1534,203,NA,NA,NA,NA,1519,114,1480,233,224,306,,,
263,0,Jamie Loeb,,1439,0,USA,28.8,1536,200,1458,131,1341,272,1483,197,1424,355,241,294,,,
264,0,Joanne Zuger,,1438,0,SUI,23.1,NA,NA,NA,NA,1461,214,1409,352,1518,136,126,452,,,
265,0,Ekaterine Gorgodze,7aadd,1437,0,GEO,32.0,1369,293,NA,NA,1504,182,1438,304,1479,239,202,333,,,
266,0,Maddison Inglis,,1436,0,AUS,25.9,1475,237,1411,150,NA,NA,1479,213,1414,373,258,284,,,
267,0,Arina Rodionova,,1435,0,RUS,34.0,1467,243,1541,87,1331,276,1408,353,1471,255,677,113,,,
268,0,Ellen Perez,,1435,0,AUS,28.2,1521,213,1360,166,1417,241,1456,264,1444,319,102,507,,,
269,0,Kathinka Von Deichmann,,1433,0,LIE,29.6,1428,263,1321,177,1431,229,1428,319,1524,115,254,287,,,
270,0,Camilla Rosatello,,1431,0,ITA,28.5,NA,NA,NA,NA,1391,255,1478,215,1473,250,208,328,,,
271,0,Irene Burillo Escorihuela,,1430,0,ESP,26.4,NA,NA,NA,NA,1558,146,1469,235,1502,169,280,269,,,
272,0,Laura Pigossi,7b897,1430,0,BRA,29.4,1414,271,NA,NA,1487,192,1456,263,1469,264,682,112,,,
273,0,Grace Min,,1430,0,USA,29.6,1459,249,1371,165,1509,179,1454,267,1447,311,256,286,,,
274,0,Sofya Lansere,,1430,0,RUS,23.2,1378,288,NA,NA,NA,NA,1463,252,1469,261,378,202,,,
275,0,Marina Melnikova,,1428,0,RUS,34.9,1348,305,1372,163,1462,212,1364,385,1509,155,104,500,,,
276,0,Barbora Palicova,,1425,0,CZE,19.8,NA,NA,NA,NA,NA,NA,1446,284,1496,185,184,352,,,
277,0,Lola Radivojevic,8317d,1424,0,SRB,18.9,NA,NA,NA,NA,1472,206,1456,262,1466,271,266,281,,,
278,0,Zhaoxuan Yang,,1422,0,CHN,28.8,1465,245,NA,NA,NA,NA,1486,189,1454,299,NA,NA,,,
279,0,Susan Bandecchi,,1421,0,SUI,25.5,NA,NA,1436,141,1583,132,1483,198,1443,320,200,335,,,
280,0,Barbara Haas,,1421,0,AUT,27.7,1422,265,1443,137,1514,171,1396,367,1481,227,4,1324,,,
281,0,Dalila Jakupovic,,1418,0,SLO,32.7,1492,229,1423,146,1449,220,1435,310,1438,326,325,237,,,
282,0,Taylah Preston,,1415,0,AUS,18.1,NA,NA,NA,NA,NA,NA,1394,369,1491,199,367,208,,,
283,0,Renata Zarazua,,1415,0,MEX,26.2,1441,259,NA,NA,1480,197,1472,227,1442,322,764,101,,,
284,0,Francesca Di Lorenzo,,1414,0,USA,26.4,1459,248,NA,NA,1424,234,1423,331,1485,212,105,496,,,
285,0,Anastasia Tikhonova,,1413,0,RUS,22.9,NA,NA,NA,NA,NA,NA,1454,268,1519,130,498,155,,,
286,0,Panna Udvardy,7df46,1413,0,HUN,25.2,1302,322,NA,NA,1424,236,1446,281,1470,257,484,160,,,
287,0,Maria Carle,,1413,0,ARG,23.8,1386,285,NA,NA,1489,191,1444,289,1525,108,611,122,,,
288,0,Elvina Kalieva,,1412,0,USA,20.4,1449,254,NA,NA,NA,NA,1472,225,1465,277,391,198,,,
289,0,Lizette Cabrera,,1410,0,AUS,26.0,1457,250,1292,185,1376,263,1407,356,1477,243,209,324,,,
290,0,Eri Hozumi,,1408,0,JPN,29.8,1429,262,1524,97,NA,NA,1423,329,1445,316,52,698,,,
291,0,Berfu Cengiz,,1407,0,TUR,24.2,NA,NA,NA,NA,1336,275,1455,265,1483,219,292,260,,,
292,0,Tara Wurth,,1405,0,CRO,21.2,NA,NA,NA,NA,NA,NA,1504,141,1515,143,136,434,,,
293,0,Kyoka Okamura,,1403,0,JPN,28.2,1415,268,NA,NA,NA,NA,1474,219,1432,337,197,339,,,
294,0,Valentini Grammatikopoulou,7b24a,1402,0,GRE,26.8,1412,272,1302,183,1496,185,1376,380,1465,279,353,222,,,
295,0,Nefisa Berberovic,,1402,0,BIH,24.4,NA,NA,NA,NA,1383,261,1436,309,1464,282,182,355,,,
296,0,Peangtarn Plipuech,,1399,0,THA,31.1,1402,277,NA,NA,NA,NA,1408,355,1466,275,129,448,,,
297,0,Fang Ying Xun,,1398,0,CHN,28.9,1463,247,NA,NA,NA,NA,1442,292,1413,376,27,879,,,
298,0,Daniela Seguel,,1398,0,CHI,31.1,1377,289,NA,NA,1422,238,1393,370,1494,190,57,671,,,
299,0,Sophie Chang,,1397,0,USA,26.5,1416,267,NA,NA,1432,227,1471,232,1429,345,171,370,,,
300,0,Seone Mendez,,1396,0,AUS,24.6,1386,286,NA,NA,1495,186,1458,257,1451,306,312,247,,,
301,0,Yuliya Hatouka,,1396,0,BLR,23.6,1504,222,NA,NA,NA,NA,1442,291,1502,167,364,211,,,
302,0,Prarthana G Thombare,,1395,0,IND,29.5,NA,NA,NA,NA,NA,NA,1422,333,1466,270,NA,NA,,,
303,0,Valeriya Strakhova,,1394,0,UKR,28.5,1398,279,NA,NA,NA,NA,1371,383,1526,106,313,246,,,
304,0,Rutuja Bhosale,7b8f9,1392,0,IND,27.7,1377,290,NA,NA,NA,NA,1418,340,1483,223,195,341,,,
305,0,Irina Khromacheva,,1392,0,RUS,28.6,1407,275,NA,NA,1422,237,1512,128,1415,371,95,530,,,
306,0,Amandine Hesse,,1390,0,FRA,30.9,1448,255,NA,NA,1391,256,1426,326,1432,336,216,314,,,
307,0,Kajsa Rinaldo Persson,,1388,0,SWE,26.1,NA,NA,NA,NA,NA,NA,1458,258,1471,254,149,410,,,
308,0,Melisa Morales,,1386,0,GUA,33.0,1415,269,NA,NA,NA,NA,1419,336,1397,385,NA,NA,,,
309,0,Xinyun Han,,1385,0,CHN,33.5,1426,264,1240,191,1486,193,1370,384,1449,310,NA,NA,,,
310,0,Isabella Shinikova,,1385,0,BUL,32.1,1449,253,1330,173,1399,251,1386,376,1426,349,275,273,,,
311,0,Tessah Andrianjafitrimo,,1383,0,FRA,25.2,NA,NA,NA,NA,1369,266,1418,339,1519,134,138,428,,,
312,0,Robin Anderson,,1379,0,USA,30.7,1381,287,NA,NA,1440,222,1465,247,1417,370,158,394,,,
313,0,Jessika Ponchet,7cd54,1379,0,FRA,27.2,1448,256,1384,159,1457,217,1526,97,1402,382,576,133,,,
314,0,Chihiro Muramatsu,,1378,0,JPN,25.6,1411,273,NA,NA,NA,NA,1424,328,1480,236,84,558,,,
315,0,Conny Perrin,,1377,0,SUI,33.0,1402,278,1470,126,1408,245,1440,297,1432,338,187,346,,,
316,0,Maria Fernanda Herazo Gonzalez,7cf78,1377,0,COL,26.7,NA,NA,NA,NA,1453,218,1441,294,1452,301,85,552,,,
317,0,Jia Jing Lu,,1376,0,CHN,34.1,1444,257,NA,NA,1369,265,1432,316,1451,305,185,351,,,
318,0,Malene Helgo,7db77,1372,0,NOR,24.3,NA,NA,NA,NA,NA,NA,1440,296,1459,289,89,544,,,
319,0,Andrea Lazaro Garcia,,1371,0,ESP,29.1,NA,NA,NA,NA,1428,231,1471,229,1471,256,120,464,,,
320,0,Yuliana Lizarazo,,1371,0,COL,30.6,NA,NA,NA,NA,1400,250,1452,270,1413,374,31,841,,,
321,0,Reka Luca Jani,,1369,0,HUN,32.4,1352,301,NA,NA,1430,230,1407,357,1480,235,191,343,,,
322,0,Marcela Zacarias,,1366,0,MEX,29.7,1415,270,NA,NA,1410,243,1381,377,1492,197,156,398,,,
323,0,Victoria Rodriguez,,1363,0,MEX,28.6,1390,284,NA,NA,NA,NA,1422,334,1483,220,168,378,,,
324,0,Nigina Abduraimova,,1361,0,UZB,29.4,1392,283,1308,182,1339,274,1486,186,1430,343,365,210,,,
325,0,Suzan Lamens,7dd98,1358,0,NED,24.4,NA,NA,NA,NA,1569,140,1401,360,1522,120,368,207,,,
326,0,Ylena In Albon,,1358,0,SUI,24.8,1260,329,NA,NA,1495,188,1470,234,1460,287,290,261,,,
327,0,Amina Anshba,,1357,0,RUS,24.3,NA,NA,NA,NA,NA,NA,1409,351,1454,298,142,420,,,
328,0,Lina Glushko,,1355,0,ISR,23.9,1358,298,NA,NA,NA,NA,1498,156,1424,353,180,358,,,
329,0,Jesika Maleckova,,1354,0,CZE,29.3,1441,260,NA,NA,1394,254,1444,290,1488,207,132,441,,,
330,0,Yuki Naito,,1354,0,JPN,22.8,1332,312,NA,NA,1462,213,1458,260,1436,331,148,411,,,
331,0,Ya Yi Yang,,1352,0,TPE,19.5,1350,302,NA,NA,NA,NA,1487,182,1420,362,362,213,,,
332,0,Demi Schuurs,,1350,0,NED,30.4,NA,NA,NA,NA,NA,NA,1441,295,1458,290,30,847,,,
333,0,Giuliana Olmos,,1349,0,MEX,30.8,1321,316,NA,NA,1362,268,1436,308,1449,309,NA,NA,,,
334,0,Ena Shibahara,,1349,0,USA,25.8,1411,274,NA,NA,NA,NA,1473,224,1423,359,87,548,,,
335,0,Haruka Kaji,,1346,0,JPN,29.2,1346,306,NA,NA,NA,NA,1437,306,1421,361,290,263,,,
336,0,Andrea Gamiz,,1345,0,VEN,31.1,1503,223,NA,NA,1289,284,1355,388,1435,333,58,666,,,
337,0,Katharina Hobgarski,,1345,0,GER,26.5,1372,292,NA,NA,1362,269,1418,341,1438,325,178,360,,,
338,0,Whitney Osuigwe,,1344,0,USA,21.7,1435,261,NA,NA,NA,NA,1408,354,1456,293,153,401,,,
339,0,Justina Mikulskyte,7d12f,1344,0,LTU,27.9,NA,NA,NA,NA,1291,283,1472,226,1457,292,319,243,,,
340,0,Gabriela Ce,,1342,0,BRA,30.8,NA,NA,NA,NA,1420,239,1378,378,1484,216,161,388,,,
341,0,Naiktha Bains,,1339,0,GBR,26.0,1296,323,1402,153,NA,NA,1439,301,1410,377,126,451,,,
342,0,Raluka Serban,,1339,0,CYP,26.5,NA,NA,NA,NA,1436,226,1474,218,1466,272,428,179,,,
343,0,Ana Sofia Sanchez,,1338,0,MEX,29.7,1344,308,NA,NA,1347,271,1387,373,1455,294,231,302,,,
344,0,Oksana Kalashnikova,,1336,0,GEO,33.3,1348,304,NA,NA,1387,258,1427,323,1383,388,14,1059,,,
345,0,Eudice Wong Chong,,1332,0,HKG,27.6,1376,291,NA,NA,NA,NA,1386,374,1438,327,262,283,,,
346,0,Karman Thandi,,1331,0,IND,25.5,1356,299,NA,NA,NA,NA,1496,166,1383,387,201,334,,,
347,0,Mona Barthel,7a775,1329,0,GER,33.4,1467,244,1332,172,1465,211,1486,190,1382,389,306,251,,,
348,0,Bibiane Schoofs,,1329,0,NED,35.6,1403,276,1411,149,1442,221,1412,347,1436,330,18,979,,,
349,0,Sofia Shapatava,7aa8a,1328,0,GEO,34.9,1395,281,NA,NA,1370,264,1392,371,1420,365,84,559,,,
350,0,Erin Routliffe,,1327,0,CAN,28.7,1323,315,NA,NA,NA,NA,1447,279,1423,360,46,738,,,
351,0,Anna Danilina,,1324,0,KAZ,28.3,1395,282,NA,NA,NA,NA,1435,311,1477,244,23,918,,,
352,0,Xinyu Gao,,1324,0,CHN,26.1,1334,311,NA,NA,NA,NA,1399,361,1467,269,280,270,,,
353,0,Elena Malygina,7e014,1323,0,EST,23.5,NA,NA,NA,NA,1330,277,1377,379,1415,372,187,347,,,
354,0,Lena Rueffer,,1320,0,GER,25.3,NA,NA,NA,NA,1339,273,1436,307,1450,307,110,480,,,
355,0,Daniela Vismane,,1318,0,LAT,23.3,NA,NA,NA,NA,NA,NA,1398,363,1406,379,172,368,,,
356,0,Ipek Oz,7d7ce,1316,0,TUR,24.4,1290,324,NA,NA,1410,244,1486,185,1431,340,323,239,,,
357,0,Jessy Rompies,,1314,0,INA,33.7,1318,317,NA,NA,NA,NA,1469,240,1536,90,12,1101,,,
358,0,Eden Silva,,1313,0,GBR,27.8,NA,NA,1313,179,NA,NA,1452,271,1404,380,172,367,,,
359,0,Nicole Melichar,,1312,0,USA,30.4,1359,297,NA,NA,NA,NA,1455,266,1413,375,NA,NA,,,
360,0,Carole Monnet,,1312,0,FRA,22.0,NA,NA,NA,NA,1394,253,1411,348,1521,123,398,196,,,
361,0,Ho Ching Wu,,1312,0,HKG,32.3,1316,318,NA,NA,NA,NA,1421,335,1420,363,75,596,,,
362,0,Rosa Vicens Mas,,1311,0,ESP,23.5,NA,NA,NA,NA,NA,NA,1433,313,1433,335,234,298,,,
363,0,Marie Benoit,,1306,0,BEL,28.7,NA,NA,NA,NA,1408,246,1440,299,1473,249,286,267,,,
364,0,Alexa Guarachi,,1302,0,USA,33.1,1345,307,NA,NA,NA,NA,1435,312,1408,378,NA,NA,,,
365,0,Quinn Gleason,,1302,0,USA,29.1,NA,NA,NA,NA,NA,NA,1398,364,1494,191,59,660,,,
366,0,Anastasia Iamachkine,,1301,0,PER,23.3,NA,NA,NA,NA,1262,288,1446,283,1469,263,28,873,,,
367,0,Dabin Kim,,1300,0,KOR,26.9,1330,313,NA,NA,NA,NA,1361,386,1440,324,58,667,,,
368,0,Sohyun Park,,1300,0,KOR,21.5,NA,NA,NA,NA,NA,NA,1415,343,1481,228,221,310,,,
369,0,Stephanie Wagner,,1300,0,GER,29.2,NA,NA,NA,NA,NA,NA,1397,366,1468,265,83,562,,,
370,0,Dea Herdzelas,,1298,0,BIH,27.1,NA,NA,NA,NA,1386,259,1419,337,1438,328,136,435,,,
371,0,Kaylah Mcphee,,1294,0,AUS,25.9,1352,300,NA,NA,NA,NA,1486,191,1447,314,137,431,,,
372,0,Yana Morderger,,1292,0,GER,26.8,NA,NA,NA,NA,NA,NA,1414,344,1447,312,55,679,,,
373,0,Ulrikke Eikeri,7b83e,1283,0,NOR,31.0,1349,303,NA,NA,1299,282,1404,359,1430,341,72,608,,,
374,0,Ya Hsuan Lee,,1283,0,TPE,28.4,1338,309,NA,NA,NA,NA,1373,381,1479,238,144,415,,,
375,0,Gabriela Lee,,1280,0,ROU,28.3,1285,325,NA,NA,1397,252,1444,288,1423,357,158,393,,,
376,0,Myrtille Georges,,1277,0,FRA,33.0,1368,294,NA,NA,1313,278,1416,342,1425,351,NA,NA,,,
377,0,Melanie Klaffner,,1276,0,AUT,33.6,1276,326,NA,NA,1308,279,1446,280,1480,232,6,1276,,,
378,0,Elaine Genovese,7c710,1274,0,MLT,32.9,NA,NA,NA,NA,1285,286,1427,320,1427,347,NA,NA,,,
379,0,Katrina Scott,,1273,0,USA,19.5,1361,296,NA,NA,NA,NA,1480,208,1400,384,113,473,,,
380,0,Wushuang Zheng,,1266,0,CHN,25.0,1267,328,NA,NA,NA,NA,1427,322,1402,381,68,626,,,
381,0,Sandra Samir,7ce29,1263,0,EGY,26.1,1307,321,NA,NA,1251,290,1330,390,1428,346,85,556,,,
382,0,Freya Christie,,1253,0,GBR,26.1,NA,NA,1230,192,NA,NA,1465,246,1419,366,63,640,,,
383,0,Sinead Lohan,,1251,0,IRL,28.8,NA,NA,NA,NA,1254,289,1427,321,1427,348,NA,NA,,,
384,0,Olivia Tjandramulia,,1241,0,AUS,26.6,1272,327,NA,NA,NA,NA,1373,382,1423,358,25,899,,,
385,0,Lidziya Marozava,,1238,0,BLR,31.2,NA,NA,NA,NA,NA,NA,1451,274,1418,369,NA,NA,,,
386,0,Diana Marcinkevica,,1232,0,LAT,31.4,1225,331,NA,NA,1305,281,1419,338,1474,248,222,309,,,
387,0,Kirsten Andrea Weedon,7c273,1231,0,GUA,34.8,1328,314,NA,NA,1232,291,1358,387,1425,352,NA,NA,,,
388,0,Angelina Gabueva,,1220,0,RUS,35.0,1188,332,NA,NA,1376,262,1427,324,1462,284,18,980,,,
389,0,Jacqueline Cabaj Awad,,1168,0,SWE,27.9,NA,NA,NA,NA,NA,NA,1346,389,1430,344,118,468,,,
390,0,Ekaterina Yashina,,1141,0,RUS,30.4,1246,330,NA,NA,NA,NA,1410,349,1401,383,69,622,,,
